SMD,margin-tues8,margin-pct-tues8,margin-wed9,margin-pct-wed9,margin-thurs10,margin-pct-thurs10,margin-fri11,margin-pct-fri11,margin-mon14,margin-pct-mon14
5D06,-38,-0.07421875,-25,-0.04595588235294118,-21,-0.03494176372712146,-21,-0.03471074380165289,-30,-0.047244094488188976
5C04,-58,-0.18412698412698414,-60,-0.18575851393188855,-55,-0.15625,-53,-0.1497175141242938,-57,-0.15363881401617252
5F07,-58,-0.10301953818827708,-58,-0.09847198641765705,-73,-0.10846953937592868,-73,-0.10846953937592868,-84,-0.11731843575418995
5B07,-106,-0.16459627329192547,-100,-0.15037593984962405,-78,-0.10569105691056911,-78,-0.10469798657718121,-72,-0.08955223880597014
5E02,-86,-0.17269076305220885,-91,-0.17300380228136883,-103,-0.1696869851729819,-106,-0.1737704918032787,-128,-0.191904047976012
